read_name	mate_name	read_pos	mate_pos	insert_size	breakpoint_bridge
NB551179:28:HG5NLBGXB:1:22304:22331:15869	NB551179:28:HG5NLBGXB:1:22304:22331:15869	AgamP4_2R:3436927	AgamP4_2R:3639786	202859	1-2
NB551179:28:HG5NLBGXB:1:12105:8346:3056	NB551179:28:HG5NLBGXB:1:12105:8346:3056	AgamP4_2R:3436927	AgamP4_2R:3639423	202496	1-2
NB551179:28:HG5NLBGXB:1:13209:26333:19801	NB551179:28:HG5NLBGXB:1:13209:26333:19801	AgamP4_2R:3436927	AgamP4_2R:3639537	202610	1-2
NB551179:28:HG5NLBGXB:1:22304:22331:15869	NB551179:28:HG5NLBGXB:1:22304:22331:15869	AgamP4_2R:3436927	AgamP4_2R:3639786	202859	1-2
NB551179:28:HG5NLBGXB:2:22212:6226:1553	NB551179:28:HG5NLBGXB:2:22212:6226:1553	AgamP4_2R:3436927	AgamP4_2R:3639660	202733	1-2
NB551179:28:HG5NLBGXB:2:23306:15139:10640	NB551179:28:HG5NLBGXB:2:23306:15139:10640	AgamP4_2R:3436927	AgamP4_2R:3639677	202750	1-2
NB551179:28:HG5NLBGXB:3:22501:9124:20079	NB551179:28:HG5NLBGXB:3:22501:9124:20079	AgamP4_2R:3436927	AgamP4_2R:3639703	202776	1-2
NB551179:28:HG5NLBGXB:4:21512:11672:10955	NB551179:28:HG5NLBGXB:4:21512:11672:10955	AgamP4_2R:3436927	AgamP4_2R:3639658	202731	1-2
NB551179:28:HG5NLBGXB:4:11504:19030:14102	NB551179:28:HG5NLBGXB:4:11504:19030:14102	AgamP4_2R:3436941	AgamP4_2R:3639745	202804	1-2
NB551179:28:HG5NLBGXB:3:11507:4242:13247	NB551179:28:HG5NLBGXB:3:11507:4242:13247	AgamP4_2R:3436961	AgamP4_2R:3639644	202683	1-2
NB551179:28:HG5NLBGXB:3:22402:13056:13978	NB551179:28:HG5NLBGXB:3:22402:13056:13978	AgamP4_2R:3436981	AgamP4_2R:3639628	202647	1-2
NB551179:28:HG5NLBGXB:1:12105:8346:3056	NB551179:28:HG5NLBGXB:1:12105:8346:3056	AgamP4_2R:3639423	AgamP4_2R:3436927	202496	2-1
NB551179:28:HG5NLBGXB:1:13209:26333:19801	NB551179:28:HG5NLBGXB:1:13209:26333:19801	AgamP4_2R:3639537	AgamP4_2R:3436927	202610	2-1
NB551179:28:HG5NLBGXB:3:22402:13056:13978	NB551179:28:HG5NLBGXB:3:22402:13056:13978	AgamP4_2R:3639628	AgamP4_2R:3436981	202647	2-1
NB551179:28:HG5NLBGXB:3:11507:4242:13247	NB551179:28:HG5NLBGXB:3:11507:4242:13247	AgamP4_2R:3639644	AgamP4_2R:3436961	202683	2-1
NB551179:28:HG5NLBGXB:2:22212:6226:1553	NB551179:28:HG5NLBGXB:2:22212:6226:1553	AgamP4_2R:3639660	AgamP4_2R:3436927	202733	2-1
NB551179:28:HG5NLBGXB:3:22501:9124:20079	NB551179:28:HG5NLBGXB:3:22501:9124:20079	AgamP4_2R:3639703	AgamP4_2R:3436927	202776	2-1
NB551179:28:HG5NLBGXB:4:11504:19030:14102	NB551179:28:HG5NLBGXB:4:11504:19030:14102	AgamP4_2R:3639745	AgamP4_2R:3436941	202804	2-1
NB551179:28:HG5NLBGXB:1:11204:11843:10683	NB551179:28:HG5NLBGXB:1:11204:11843:10683	AgamP4_2R:3639772	AgamP4_2R:3436931	202841	2-1
NB551179:28:HG5NLBGXB:4:22412:9823:18632	NB551179:28:HG5NLBGXB:4:22412:9823:18632	AgamP4_2R:3639783	AgamP4_2R:3436927	202856	2-1
NB551179:28:HG5NLBGXB:4:22412:9823:18632	NB551179:28:HG5NLBGXB:4:22412:9823:18632	AgamP4_2R:3639783	AgamP4_2R:3436927	202856	2-1
NB551179:28:HG5NLBGXB:2:13312:8536:6150	NB551179:28:HG5NLBGXB:2:13312:8536:6150	AgamP4_2R:3639787	AgamP4_2R:3437117	202670	2-1
NB551179:28:HG5NLBGXB:3:11510:15729:13630	NB551179:28:HG5NLBGXB:3:11510:15729:13630	AgamP4_2R:3639790	AgamP4_2R:3437070	202720	2-1
NB551179:28:HG5NLBGXB:4:22509:15079:13639	NB551179:28:HG5NLBGXB:4:22509:15079:13639	AgamP4_2R:3639792	AgamP4_2R:3437026	202766	2-1
NB551179:28:HG5NLBGXB:3:23602:3861:10223	NB551179:28:HG5NLBGXB:3:23602:3861:10223	AgamP4_2R:3639802	AgamP4_2R:3436980	202822	2-1
